Attendance,الحضور,
EMPLOYEE PORTAL,بوابة الموظف,
Welcome back,مرحباً بعودتك,
Sign in to record your attendance securely.,سجّل الدخول لتسجيل حضورك بأمان.,
Email or username,البريد الإلكتروني أو اسم المستخدم,
Password,كلمة المرور,
Sign In,تسجيل الدخول,
Signing in…,جارٍ تسجيل الدخول…,
Invalid username or password.,اسم المستخدم أو كلمة المرور غير صحيحة.,
Invalid portal username or password.,اسم مستخدم البوابة أو كلمة المرور غير صحيحة.,
Portal Username,اسم مستخدم البوابة,
Enter your portal username,أدخل اسم مستخدم البوابة,
MOBILE ATTENDANCE,الحضور عبر الهاتف,
Hello,مرحباً,
Good morning,صباح الخير,
Good afternoon,مساء الخير,
Good evening,مساء الخير,
Log out,تسجيل الخروج,
TIME,الوقت,
Employee,الموظف,
Branch,الفرع,
Shift,الوردية,
Flexible / No shift,مرن / بدون وردية,
CURRENT STATUS,الحالة الحالية,
CHECKED IN,تم تسجيل الدخول,
CHECKED OUT,تم تسجيل الخروج,
CLOCK IN,تسجيل الدخول,
CLOCK OUT,تسجيل الخروج,
No action today,لا توجد حركة اليوم,
Advanced,خيارات متقدمة,
Location,الموقع,
Locating you,جارٍ تحديد موقعك,
Location ready,الموقع جاهز,
Location unavailable,الموقع غير متاح,
Waiting for GPS…,في انتظار GPS…,
Requesting a fresh GPS position…,جارٍ طلب موقع GPS جديد…,
Accuracy: {0} meters,الدقة: {0} متر,
Retry,إعادة المحاولة,
Weekly Work Schedule,جدول العمل الأسبوعي,
Weekly Working Hours,ساعات العمل الأسبوعية,
Weekly Employee Hours,ساعات الموظفين الأسبوعية,
Work Schedules & Hourly Leave,جداول العمل والإجازات بالساعات,
Attendance Operations,عمليات الحضور,
Attendance Configuration,إعدادات الحضور,
Employee Name (Arabic),اسم الموظف (بالعربية),
Employee Name (English),اسم الموظف (بالإنجليزية),
Bilingual Employee Name,اسم الموظف ثنائي اللغة,
Name Reviewed by User,تمت مراجعة الاسم من المستخدم,
Protect User Correction,حماية تصحيح المستخدم,
Suggest English Name,اقتراح الاسم بالإنجليزية,
Suggest Arabic Name,اقتراح الاسم بالعربية,
Mark Reviewed & Protect,تأكيد المراجعة والحماية,
Assign Employees,تعيين الموظفين,
View Assigned Employees,عرض الموظفين المعيّنين,
Employee Schedule Adjustments,تعديلات جدول الموظف,
Scheduled Hours,الساعات المجدولة,
Actual Hours,الساعات الفعلية,
Variance,الفرق,
Check-in / Out Logs,سجلات الدخول والخروج,
Employee HR Portal,بوابة الموظف للموارد البشرية,
EMPLOYEE HR PORTAL,بوابة الموظف للموارد البشرية,
Notifications,الإشعارات,
Recent Attendance,الحضور الأخير,
Tap to load your check-in/out history,اضغط لعرض سجل الدخول والخروج,
Apply for Leave,طلب إجازة,
Latest Payslip,آخر قسيمة راتب,
Leaves,الإجازات,
Salary,الراتب,
Profile,الملف الشخصي,
Settings,الإعدادات,
Getting your recent location…,جارٍ جلب موقعك الأخير…,
Improving accuracy,جارٍ تحسين الدقة,
Getting a precise GPS position…,جارٍ الحصول على موقع GPS دقيق…,
Getting the required GPS accuracy…,جارٍ الحصول على دقة GPS المطلوبة…,
Location not required,الموقع غير مطلوب,
Your attendance policy allows check-in without GPS.,تسمح سياسة الحضور بتسجيل الحضور دون GPS.,
No attendance logs found.,لا توجد سجلات حضور.,
Employee Portal,بوابة الموظف,
Location Performance,أداء تحديد الموقع,
Reuse Recent Location (Seconds),إعادة استخدام الموقع الأخير (ثوانٍ),
Notify Employee When Salary Slip Is Available,إشعار الموظف عند توفر قسيمة الراتب,
Employee Leave Self Service,خدمة الإجازات الذاتية للموظف,
Default Self-Service Leave Type,نوع الإجازة الافتراضي للخدمة الذاتية,
Leave Approvers,معتمدو الإجازات,
Approver,المعتمد,
Approver Name,اسم المعتمد,
LEAVE REQUEST,طلب إجازة,
Request Leave,طلب إجازة,
"Enter the dates and reason. Your leave type, allocation period and approver will be selected automatically.","أدخل التواريخ والسبب. سيتم اختيار نوع الإجازة وفترة الاستحقاق والمعتمد تلقائياً.",
From Date,من تاريخ,
To Date,إلى تاريخ,
Reason,السبب,
Send Leave Request,إرسال طلب الإجازة,
Leave Unit,وحدة الإجازة,
Days,أيام,
Hours,ساعات,
Leave Duration,مدة الإجازة,
Full Scheduled Hours,كامل ساعات العمل المجدولة,
Partial Hours,ساعات جزئية,
Requested Hours,الساعات المطلوبة,
Leave amount,مقدار الإجازة,
Return to work,العودة إلى العمل,
"{0} hours","{0} ساعة",
"{0} days","{0} يوم",
"{0} calendar day(s), {1} holiday/non-working day(s) excluded · {2}","{0} يوم تقويمي، تم استبعاد {1} يوم عطلة/غير عمل · {2}",
Sending…,جارٍ الإرسال…,
Selecting your leave allocation and approver…,جارٍ اختيار رصيد الإجازة والمعتمد…,
VALIDATING…,جارٍ التحقق…,
Checking GPS accuracy and branch geofence…,جارٍ التحقق من دقة GPS ونطاق الفرع…,
Install Attendance App,تثبيت تطبيق الحضور,
Install on iPhone,التثبيت على آيفون,
Tap the Share button in Safari then choose Add to Home Screen.,اضغط زر المشاركة في سفاري ثم اختر إضافة إلى الشاشة الرئيسية.,
You are logged out. Please login again.,تم تسجيل خروجك. يرجى تسجيل الدخول مرة أخرى.,
TIME OFF,الإجازات,
Request,طلب,
Recent Leave Requests,طلبات الإجازة الأخيرة,
Leave Balance,رصيد الإجازات,
LEAVE APPLICATION,طلب إجازة,
App Language,لغة التطبيق,
English / العربية,العربية / English,
Appearance,المظهر,
Light / Dark,فاتح / داكن,
Light mode,الوضع الفاتح,
Dark mode,الوضع الداكن,
Employee Details,بيانات الموظف,
Employee Name,اسم الموظف,
Gender,الجنس,
Male,ذكر,
Female,أنثى,
Date of Birth,تاريخ الميلاد,
Date of Joining,تاريخ الالتحاق,
Employment Type,نوع التوظيف,
Full-time,دوام كامل,
Part-time,دوام جزئي,
Company Information,معلومات الشركة,
Company,الشركة,
Department,القسم,
Designation,المسمى الوظيفي,
Grade,الدرجة,
Reports To,المدير المباشر,
Holiday List,قائمة العطل,
Contact Information,معلومات الاتصال,
Phone,الهاتف,
Personal Email,البريد الإلكتروني الشخصي,
Company Email,البريد الإلكتروني للشركة,
Preferred Contact Email,بريد التواصل المفضل,
Salary Information,معلومات الراتب,
Latest Period,آخر فترة,
Gross Pay,إجمالي الراتب,
Deductions,الاقتطاعات,
Net Pay,صافي الراتب,
SERVER TIME,وقت الخادم,
All,الكل,
Present,حاضر,
Absent,غائب,
Abnormal,غير طبيعي,
Show,عرض,
From,من,
To,إلى,
Choose a period to see your attendance,اختر فترة لعرض الحضور,
LEAVE WORKFLOW,مسار موافقات الإجازة,
Approvals,الموافقات,
PAYROLL,الرواتب,
EMPLOYEE,الموظف,
Protected employee access,وصول آمن للموظف,
Secure employee self service,خدمة ذاتية آمنة للموظف,
"Sign in to manage attendance, leave and salary securely.","سجّل الدخول لإدارة الحضور والإجازات والراتب بأمان.",
Enter your email or username,أدخل البريد الإلكتروني أو اسم المستخدم,
Enter your password,أدخل كلمة المرور,
EMPLOYEE UPDATES,تحديثات الموظف,
Announcements,الإعلانات,
Updates,التحديثات,
Archived,المؤرشفة,
Enable locked-screen notifications,تفعيل إشعارات شاشة القفل,
ATTENDANCE RECORD,سجل الحضور,
Attendance Details,تفاصيل الحضور,
Working Hours,ساعات العمل,
Punches,سجلات الدخول والخروج,
Correction Requests,طلبات تصحيح الحضور,
Request Correction,طلب تصحيح,
ATTENDANCE CORRECTION,تصحيح الحضور,
Correction Type,نوع التصحيح,
Missing Check In,دخول مفقود,
Missing Check Out,خروج مفقود,
Wrong Check In,وقت دخول خاطئ,
Wrong Check Out,وقت خروج خاطئ,
Requested Check In,وقت الدخول المطلوب,
Requested Check Out,وقت الخروج المطلوب,
Submit for Approval,إرسال للموافقة,
Approval Progress,مسار الموافقات,
Status,الحالة,
Dates,التواريخ,
Amount,المقدار,
Approved,موافق عليه,
Rejected,مرفوض,
Pending Approver Approval,بانتظار موافقة المعتمد,
Pending HR Approval,بانتظار موافقة الموارد البشرية,
Used,مستخدم,
Allocated,مخصص,
remaining,متبقي,
days,أيام,
Switching…,جارٍ التبديل…,
Tap to view your balances,اضغط لعرض أرصدة الإجازات,
Loading leave requests…,جارٍ تحميل طلبات الإجازة…,
Loading notifications…,جارٍ تحميل الإشعارات…,
Loading requests…,جارٍ تحميل الطلبات…,
Loading salary slips…,جارٍ تحميل قسائم الراتب…,
Loading available leave types…,جارٍ تحميل أنواع الإجازات المتاحة…,
Loading Employee HR Portal,جارٍ تحميل بوابة الموظف للموارد البشرية,
Loading…,جارٍ التحميل…,
Leave Type,نوع الإجازة,
Leave Request,طلب إجازة,
"Choose an available leave type, dates and reason. The leave unit and approver are selected from your employee setup.","اختر نوع الإجازة المتاح والتواريخ والسبب. يتم تحديد وحدة الإجازة والمعتمد من إعدادات الموظف.",
Approve,موافقة,
Reject,رفض,
Cancel,إلغاء,
Close,إغلاق,
Remarks,ملاحظات,
Approval note,ملاحظة الموافقة,
Other,أخرى,
OK,حسناً,
Attendance Correction,تصحيح الحضور,
CORRECTION WORKFLOW,مسار تصحيح الحضور,
A note is required when HR bypasses employee approvers.,يجب إدخال ملاحظة عند تجاوز الموارد البشرية لمراحل اعتماد الموظف.,
"Attendance, leave, salary and profile in one simple app.","الحضور والإجازات والراتب والملف الشخصي في تطبيق واحد بسيط.",
Employee portal sections,أقسام بوابة الموظف,
Install app,تثبيت التطبيق,
Install on iPhone or iPad,التثبيت على آيفون أو آيباد,
"In Safari, tap Share and then Add to Home Screen.","في سفاري اضغط مشاركة ثم اختر إضافة إلى الشاشة الرئيسية.",
Powered by Avraham,بدعم من Avraham,
Location status,حالة الموقع,
Show password,إظهار كلمة المرور,

A complete check-in and check-out pair is required.,يلزم وجود سجل دخول وخروج مكتمل.
Announcement,إعلان
Archive,أرشفة
Are you sure you want to log out of the Employee HR Portal?,هل أنت متأكد من تسجيل الخروج من بوابة الموظف؟
Attendance correction,تصحيح الحضور
Attendance setup required,إعداد الحضور مطلوب
Checking GPS and branch geofence…,جارٍ التحقق من GPS والنطاق الجغرافي للفرع…
Could not change language,تعذر تغيير اللغة
Could not enable notifications.,تعذر تفعيل الإشعارات.
Could not load leave types,تعذر تحميل أنواع الإجازات
Could not record attendance,تعذر تسجيل الحضور
Could not register this phone for notifications.,تعذر تسجيل هذا الهاتف لتلقي الإشعارات.
Could not update correction,تعذر تحديث طلب التصحيح
Could not update leave request,تعذر تحديث طلب الإجازة
Could not update notification,تعذر تحديث الإشعار
Date,التاريخ
Delete,حذف
Delete notification?,حذف الإشعار؟
Enabling notifications…,جارٍ تفعيل الإشعارات…
Final Approve & Apply,الموافقة النهائية والتطبيق
Final Approve & Submit,الموافقة النهائية والإرسال
Final HR,الموارد البشرية النهائية
Final HR approval,الموافقة النهائية للموارد البشرية
GPS requires HTTPS and location support on this device.,يتطلب GPS اتصال HTTPS ودعم الموقع على هذا الجهاز.
Got it,حسناً
Gross,الإجمالي
HR Override,تجاوز الموارد البشرية
HR Override & Apply,تجاوز الموارد البشرية والتطبيق
HR Override Note,ملاحظة تجاوز الموارد البشرية
HR must configure a Leave Approver on your employee profile.,يجب على الموارد البشرية تعيين معتمد إجازات في ملفك الوظيفي.
HR must create and submit a Leave Allocation for you before you can request leave.,يجب على الموارد البشرية إنشاء رصيد إجازة واعتماده قبل أن تتمكن من طلب إجازة.
Hide password,إخفاء كلمة المرور
Loading attendance details…,جارٍ تحميل تفاصيل الحضور…
Loading attendance…,جارٍ تحميل الحضور…
Loading correction request…,جارٍ تحميل طلب التصحيح…
Loading leave request…,جارٍ تحميل طلب الإجازة…
Locked-screen notifications are not supported by this browser.,هذا المتصفح لا يدعم إشعارات شاشة القفل.
Locked-screen notifications enabled,تم تفعيل إشعارات شاشة القفل
Log Out,تسجيل الخروج
Log out?,تسجيل الخروج؟
New HR notification,إشعار جديد من الموارد البشرية
No active leave allocations found.,لا توجد أرصدة إجازات فعالة.
No approval steps,لا توجد مراحل موافقة
No approved leave usage found.,لا يوجد استخدام إجازات معتمد.
No attendance found for this filter.,لا توجد سجلات حضور مطابقة لهذا المرشح.
No available leave allocation,لا يوجد رصيد إجازة متاح
No correction requested,لم يتم طلب تصحيح
No information available.,لا توجد معلومات متاحة.
No leave requests found.,لا توجد طلبات إجازة.
No notifications in this category.,لا توجد إشعارات في هذه الفئة.
No punches recorded,لا توجد سجلات دخول أو خروج
No requests are waiting for your approval.,لا توجد طلبات بانتظار موافقتك.
No submitted salary slips found.,لا توجد قسائم راتب معتمدة.
Not assigned,غير معيّن
Notification permission was not granted. Enable it in phone Settings.,لم يتم منح إذن الإشعارات. فعّله من إعدادات الهاتف.
Notification service is unavailable.,خدمة الإشعارات غير متاحة.
"On iPhone, install this app on the Home Screen first, then enable notifications.","على آيفون ثبّت التطبيق على الشاشة الرئيسية أولاً ثم فعّل الإشعارات."
Outside the allowed work location,خارج موقع العمل المسموح
Recorded Hours,الساعات المسجلة
Recorded hours do not yet meet the required hours.,الساعات المسجلة لا تستوفي الساعات المطلوبة بعد.
Refresh,تحديث
Reject leave request?,رفض طلب الإجازة؟
Request failed.,فشل الطلب.
Required Hours,الساعات المطلوبة
Restore,استعادة
Scheduled Work Period,فترة العمل المجدولة
Sent to HR,أُرسل إلى الموارد البشرية
Tap to read,اضغط للقراءة
The GPS request timed out. Move to an open area and retry.,انتهت مهلة طلب GPS. انتقل إلى مكان مفتوح وأعد المحاولة.
The approver step is complete. The request is still unsubmitted and is now waiting for final HR approval.,اكتملت مرحلة المعتمد. لا يزال الطلب غير معتمد وهو الآن بانتظار الموافقة النهائية للموارد البشرية.
This decision will end the approval process.,سيُنهي هذا القرار مسار الموافقات.
This final action will submit and apply the attendance correction. Continue?,سيؤدي هذا الإجراء النهائي إلى اعتماد تصحيح الحضور وتطبيقه. هل تريد المتابعة؟
This notification will be removed permanently.,سيتم حذف هذا الإشعار نهائياً.
This phone is ready to receive HR notifications.,هذا الهاتف جاهز لتلقي إشعارات الموارد البشرية.
Use your browser menu and select Install app or Add to Home screen.,استخدم قائمة المتصفح واختر تثبيت التطبيق أو الإضافة إلى الشاشة الرئيسية.
Waiting for HR,بانتظار الموارد البشرية
Why it is pending,سبب بقائه معلقاً
Your approval,موافقتك
Your location is currently unavailable.,موقعك غير متاح حالياً.
Your request was sent to the attendance approver.,تم إرسال طلبك إلى معتمد الحضور.
hours,ساعات
Only English and Arabic are supported in the employee portal.,تدعم بوابة الموظف اللغتين الإنجليزية والعربية فقط.
Draft,مسودة
Pending,معلّق
Submitted,معتمد
Cancelled,ملغى
On Leave,في إجازة
Open,مفتوح
Closed,مغلق
Correction submitted,تم إرسال طلب التصحيح
Location permission was denied. Enable Location for this site in phone Settings.,تم رفض إذن الموقع. فعّل الموقع لهذا الموقع من إعدادات الهاتف.
"Leave request {0} for {1} sent to {2} approver(s). Return to work: {3}.","تم إرسال طلب الإجازة {0} لمدة {1} إلى {2} من المعتمدين. العودة إلى العمل: {3}."
"You are currently about {0} from {1}.\n\nTo record attendance, move within {2} of this branch, then try again.","أنت حالياً على بُعد نحو {0} من {1}.\n\nلتسجيل الحضور، انتقل إلى مسافة لا تتجاوز {2} من هذا الفرع ثم أعد المحاولة."
